Metric,Value
MAE,15544.3667809668
MSE,654078479.1410158
RMSE,25574.958047688284
R² Score,0.9147261196625325
