Model,MAE,MSE,RMSE,R2 Score
Linear Regression,791943.5246111859,640221401405.0657,800138.3639128084,-82.4672977539307
Decision Tree,25306.431506849316,1587800871.5684931,39847.21911963861,0.7929943487826219
Random Forest,17706.682089041096,894570028.2892661,29909.36355540295,0.8833726227378634
Gradient Boosting,16546.014711608077,746083374.7809199,27314.526808658426,0.9027312066490945
XGBoost,17588.55078125,779709568.0,27923.28003655731,0.8983472585678101
