Model,MAE,MSE,RMSE,R2 Score
Linear Regression,791943.5246111859,640221401405.0657,800138.3639128084,-82.4672977539307
Decision Tree,25271.37671232877,1584210287.6506848,39802.13923460252,0.7934624623700783
Random Forest,17678.3876369863,895103724.7467518,29918.28412103127,0.8833030433688679
Gradient Boosting,16540.617635780887,746038712.4936382,27313.709240848966,0.9027370293854521
XGBoost,17588.55078125,779709568.0,27923.28003655731,0.8983472585678101
