Model,MAE,MSE,RMSE,R2 Score
Linear Regression,21254.838741724936,4166316741.593133,64547.011871914976,0.45682665520936017
Ridge Regression,18736.93650705127,867031835.8392884,29445.40432460197,0.8869628471567642
Decision Tree,24891.996575342466,1528489840.9691782,39095.905680380114,0.800726879185793
Random Forest,17854.362568493147,897952476.9294387,29965.85518435005,0.8829316442776509
Gradient Boosting,16324.197346634002,707950628.6643076,26607.3416309166,0.9077026700636337
XGBoost,17960.3203125,835924480.0,28912.358603199427,0.8910183906555176
